monotonic_ns,seq,timestamp,marker,payload_type,packet_bytes,ssrc,seq_delta,ts_delta,wall_delta_ns
1723922409654000,19346,160,1,0,172,1570827393,0,0,0
1723922429845000,19347,320,0,0,172,1570827393,1,160,20191000
1723922449974000,19348,480,0,0,172,1570827393,1,160,20129000
1723922470137000,19349,640,0,0,172,1570827393,1,160,20163000
1723922490331000,19350,800,0,0,172,1570827393,1,160,20194000
1723922510458000,19351,960,0,0,172,1570827393,1,160,20127000
1723922529449000,19352,1120,0,0,172,1570827393,1,160,18991000
1723922549559000,19353,1280,0,0,172,1570827393,1,160,20110000
1723922568961000,19354,1440,0,0,172,1570827393,1,160,19402000
1723922590114000,19355,1600,0,0,172,1570827393,1,160,21153000
1723922610221000,19356,1760,0,0,172,1570827393,1,160,20107000
1723922630308000,19357,1920,0,0,172,1570827393,1,160,20087000
1723922649892000,19358,2080,0,0,172,1570827393,1,160,19584000
1723922670039000,19359,2240,0,0,172,1570827393,1,160,20147000
1723922690206000,19360,2400,0,0,172,1570827393,1,160,20167000
1723922710112000,19361,2560,0,0,172,1570827393,1,160,19906000
1723922730214000,19362,2720,0,0,172,1570827393,1,160,20102000
1723922749909000,19363,2880,0,0,172,1570827393,1,160,19695000
1723922770066000,19364,3040,0,0,172,1570827393,1,160,20157000
1723922789994000,19365,3200,0,0,172,1570827393,1,160,19928000
1723922809717000,19366,3360,0,0,172,1570827393,1,160,19723000
1723922828859000,19367,3520,0,0,172,1570827393,1,160,19142000
1723922849968000,19368,3680,0,0,172,1570827393,1,160,21109000
1723922870136000,19369,3840,0,0,172,1570827393,1,160,20168000
1723922890318000,19370,4000,0,0,172,1570827393,1,160,20182000
1723922909740000,19371,4160,0,0,172,1570827393,1,160,19422000
1723922929320000,19372,4320,0,0,172,1570827393,1,160,19580000
1723922949874000,19373,4480,0,0,172,1570827393,1,160,20554000
1723922970041000,19374,4640,0,0,172,1570827393,1,160,20167000
1723922990215000,19375,4800,0,0,172,1570827393,1,160,20174000
1723923010336000,19376,4960,0,0,172,1570827393,1,160,20121000
1723923030435000,19377,5120,0,0,172,1570827393,1,160,20099000
1723923049544000,19378,5280,0,0,172,1570827393,1,160,19109000
1723923069702000,19379,5440,0,0,172,1570827393,1,160,20158000
1723923089852000,19380,5600,0,0,172,1570827393,1,160,20150000
1723923109966000,19381,5760,0,0,172,1570827393,1,160,20114000
1723923130072000,19382,5920,0,0,172,1570827393,1,160,20106000
1723923150211000,19383,6080,0,0,172,1570827393,1,160,20139000
1723923170368000,19384,6240,0,0,172,1570827393,1,160,20157000
1723923189264000,19385,6400,0,0,172,1570827393,1,160,18896000
1723923210383000,19386,6560,0,0,172,1570827393,1,160,21119000
1723923230493000,19387,6720,0,0,172,1570827393,1,160,20110000
1723923249599000,19388,6880,0,0,172,1570827393,1,160,19106000
1723923269753000,19389,7040,0,0,172,1570827393,1,160,20154000
1723923289912000,19390,7200,0,0,172,1570827393,1,160,20159000
1723923310082000,19391,7360,0,0,172,1570827393,1,160,20170000
1723923330193000,19392,7520,0,0,172,1570827393,1,160,20111000
1723923349820000,19393,7680,0,0,172,1570827393,1,160,19627000
1723923368948000,19394,7840,0,0,172,1570827393,1,160,19128000
1723923390118000,19395,8000,0,0,172,1570827393,1,160,21170000
1723923410237000,19396,8160,0,0,172,1570827393,1,160,20119000
1723923430344000,19397,8320,0,0,172,1570827393,1,160,20107000
1723923450494000,19398,8480,0,0,172,1570827393,1,160,20150000
1723923469676000,19399,8640,0,0,172,1570827393,1,160,19182000
1723923489855000,19400,8800,0,0,172,1570827393,1,160,20179000
1723923509972000,19401,8960,0,0,172,1570827393,1,160,20117000
1723923530083000,19402,9120,0,0,172,1570827393,1,160,20111000
1723923550197000,19403,9280,0,0,172,1570827393,1,160,20114000
1723923570324000,19404,9440,0,0,172,1570827393,1,160,20127000
1723923590097000,19405,9600,0,0,172,1570827393,1,160,19773000
1723923609726000,19406,9760,0,0,172,1570827393,1,160,19629000
1723923629497000,19407,9920,0,0,172,1570827393,1,160,19771000
1723923649601000,19408,10080,0,0,172,1570827393,1,160,20104000
1723923669087000,19409,10240,0,0,172,1570827393,1,160,19486000
1723923690285000,19410,10400,0,0,172,1570827393,1,160,21198000
1723923710404000,19411,10560,0,0,172,1570827393,1,160,20119000
1723923729508000,19412,10720,0,0,172,1570827393,1,160,19104000
1723923749619000,19413,10880,0,0,172,1570827393,1,160,20111000
1723923769725000,19414,11040,0,0,172,1570827393,1,160,20106000
1723923789872000,19415,11200,0,0,172,1570827393,1,160,20147000
1723923810000000,19416,11360,0,0,172,1570827393,1,160,20128000
1723923830112000,19417,11520,0,0,172,1570827393,1,160,20112000
1723923849905000,19418,11680,0,0,172,1570827393,1,160,19793000
1723923869740000,19419,11840,0,0,172,1570827393,1,160,19835000
1723923889936000,19420,12000,0,0,172,1570827393,1,160,20196000
1723923910070000,19421,12160,0,0,172,1570827393,1,160,20134000
1723923929276000,19422,12320,0,0,172,1570827393,1,160,19206000
1723923950392000,19423,12480,0,0,172,1570827393,1,160,21116000
1723923969515000,19424,12640,0,0,172,1570827393,1,160,19123000
1723923989678000,19425,12800,0,0,172,1570827393,1,160,20163000
1723924009809000,19426,12960,0,0,172,1570827393,1,160,20131000
1723924029915000,19427,13120,0,0,172,1570827393,1,160,20106000
1723924049812000,19428,13280,0,0,172,1570827393,1,160,19897000
1723924069978000,19429,13440,0,0,172,1570827393,1,160,20166000
1723924090178000,19430,13600,0,0,172,1570827393,1,160,20200000
1723924110301000,19431,13760,0,0,172,1570827393,1,160,20123000
1723924129453000,19432,13920,0,0,172,1570827393,1,160,19152000
1723924149556000,19433,14080,0,0,172,1570827393,1,160,20103000
1723924169668000,19434,14240,0,0,172,1570827393,1,160,20112000
1723924189828000,19435,14400,0,0,172,1570827393,1,160,20160000
1723924209952000,19436,14560,0,0,172,1570827393,1,160,20124000
1723924230069000,19437,14720,0,0,172,1570827393,1,160,20117000
1723924249814000,19438,14880,0,0,172,1570827393,1,160,19745000
1723924269992000,19439,15040,0,0,172,1570827393,1,160,20178000
1723924290181000,19440,15200,0,0,172,1570827393,1,160,20189000
1723924310300000,19441,15360,0,0,172,1570827393,1,160,20119000
1723924330412000,19442,15520,0,0,172,1570827393,1,160,20112000
1723924349516000,19443,15680,0,0,172,1570827393,1,160,19104000
1723924369628000,19444,15840,0,0,172,1570827393,1,160,20112000
1723924389799000,19445,16000,0,0,172,1570827393,1,160,20171000
1723924409497000,19446,16160,0,0,172,1570827393,1,160,19698000
1723924429250000,19447,16320,0,0,172,1570827393,1,160,19753000
1723924449777000,19448,16480,0,0,172,1570827393,1,160,20527000
1723924469946000,19449,16640,0,0,172,1570827393,1,160,20169000
1723924490127000,19450,16800,0,0,172,1570827393,1,160,20181000
1723924510245000,19451,16960,0,0,172,1570827393,1,160,20118000
1723924530353000,19452,17120,0,0,172,1570827393,1,160,20108000
1723924548973000,19453,17280,0,0,172,1570827393,1,160,18620000
1723924569960000,19454,17440,0,0,172,1570827393,1,160,20987000
1723924590120000,19455,17600,0,0,172,1570827393,1,160,20160000
1723924610237000,19456,17760,0,0,172,1570827393,1,160,20117000
1723924630332000,19457,17920,0,0,172,1570827393,1,160,20095000
1723924649432000,19458,18080,0,0,172,1570827393,1,160,19100000
1723924669533000,19459,18240,0,0,172,1570827393,1,160,20101000
1723924689687000,19460,18400,0,0,172,1570827393,1,160,20154000
1723924709805000,19461,18560,0,0,172,1570827393,1,160,20118000
1723924729922000,19462,18720,0,0,172,1570827393,1,160,20117000
1723924750037000,19463,18880,0,0,172,1570827393,1,160,20115000
1723924770213000,19464,19040,0,0,172,1570827393,1,160,20176000
1723924790349000,19465,19200,0,0,172,1570827393,1,160,20136000
1723924808554000,19466,19360,0,0,172,1570827393,1,160,18205000
1723924829648000,19467,19520,0,0,172,1570827393,1,160,21094000
1723924849188000,19468,19680,0,0,172,1570827393,1,160,19540000
1723924870336000,19469,19840,0,0,172,1570827393,1,160,21148000
1723924888790000,19470,20000,0,0,172,1570827393,1,160,18454000
1723924909916000,19471,20160,0,0,172,1570827393,1,160,21126000
1723924930031000,19472,20320,0,0,172,1570827393,1,160,20115000
1723924949729000,19473,20480,0,0,172,1570827393,1,160,19698000
1723924969899000,19474,20640,0,0,172,1570827393,1,160,20170000
1723924990097000,19475,20800,0,0,172,1570827393,1,160,20198000
1723925010231000,19476,20960,0,0,172,1570827393,1,160,20134000
1723925030336000,19477,21120,0,0,172,1570827393,1,160,20105000
1723925049439000,19478,21280,0,0,172,1570827393,1,160,19103000
1723925069547000,19479,21440,0,0,172,1570827393,1,160,20108000
1723925088773000,19480,21600,0,0,172,1570827393,1,160,19226000
1723925109989000,19481,21760,0,0,172,1570827393,1,160,21216000
1723925130085000,19482,21920,0,0,172,1570827393,1,160,20096000
1723925150185000,19483,22080,0,0,172,1570827393,1,160,20100000
1723925170348000,19484,22240,0,0,172,1570827393,1,160,20163000
1723925189538000,19485,22400,0,0,172,1570827393,1,160,19190000
1723925209666000,19486,22560,0,0,172,1570827393,1,160,20128000
1723925229768000,19487,22720,0,0,172,1570827393,1,160,20102000
1723925249876000,19488,22880,0,0,172,1570827393,1,160,20108000
1723925270046000,19489,23040,0,0,172,1570827393,1,160,20170000
1723925290233000,19490,23200,0,0,172,1570827393,1,160,20187000
1723925310346000,19491,23360,0,0,172,1570827393,1,160,20113000
1723925329570000,19492,23520,0,0,172,1570827393,1,160,19224000
1723925349725000,19493,23680,0,0,172,1570827393,1,160,20155000
1723925369893000,19494,23840,0,0,172,1570827393,1,160,20168000
1723925390082000,19495,24000,0,0,172,1570827393,1,160,20189000
1723925410200000,19496,24160,0,0,172,1570827393,1,160,20118000
1723925429413000,19497,24320,0,0,172,1570827393,1,160,19213000
1723925449568000,19498,24480,0,0,172,1570827393,1,160,20155000
1723925469757000,19499,24640,0,0,172,1570827393,1,160,20189000
1723925489947000,19500,24800,0,0,172,1570827393,1,160,20190000
1723925510073000,19501,24960,0,0,172,1570827393,1,160,20126000
1723925529795000,19502,25120,0,0,172,1570827393,1,160,19722000
1723925549706000,19503,25280,0,0,172,1570827393,1,160,19911000
1723925569391000,19504,25440,0,0,172,1570827393,1,160,19685000
1723925589576000,19505,25600,0,0,172,1570827393,1,160,20185000
1723925609688000,19506,25760,0,0,172,1570827393,1,160,20112000
1723925629789000,19507,25920,0,0,172,1570827393,1,160,20101000
1723925649891000,19508,26080,0,0,172,1570827393,1,160,20102000
1723925670063000,19509,26240,0,0,172,1570827393,1,160,20172000
1723925689510000,19510,26400,0,0,172,1570827393,1,160,19447000
1723925709631000,19511,26560,0,0,172,1570827393,1,160,20121000
1723925729752000,19512,26720,0,0,172,1570827393,1,160,20121000
1723925749860000,19513,26880,0,0,172,1570827393,1,160,20108000
1723925770037000,19514,27040,0,0,172,1570827393,1,160,20177000
1723925790221000,19515,27200,0,0,172,1570827393,1,160,20184000
1723925810374000,19516,27360,0,0,172,1570827393,1,160,20153000
1723925829478000,19517,27520,0,0,172,1570827393,1,160,19104000
1723925849375000,19518,27680,0,0,172,1570827393,1,160,19897000
1723925869539000,19519,27840,0,0,172,1570827393,1,160,20164000
1723925889219000,19520,28000,0,0,172,1570827393,1,160,19680000
1723925910357000,19521,28160,0,0,172,1570827393,1,160,21138000
1723925929474000,19522,28320,0,0,172,1570827393,1,160,19117000
1723925949414000,19523,28480,0,0,172,1570827393,1,160,19940000
1723925969527000,19524,28640,0,0,172,1570827393,1,160,20113000
1723925989324000,19525,28800,0,0,172,1570827393,1,160,19797000
1723926008740000,19526,28960,0,0,172,1570827393,1,160,19416000
1723926029896000,19527,29120,0,0,172,1570827393,1,160,21156000
1723926050002000,19528,29280,0,0,172,1570827393,1,160,20106000
1723926070039000,19529,29440,0,0,172,1570827393,1,160,20037000
1723926090239000,19530,29600,0,0,172,1570827393,1,160,20200000
1723926109359000,19531,29760,0,0,172,1570827393,1,160,19120000
1723926129468000,19532,29920,0,0,172,1570827393,1,160,20109000
1723926149474000,19533,30080,0,0,172,1570827393,1,160,20006000
1723926169516000,19534,30240,0,0,172,1570827393,1,160,20042000
1723926189705000,19535,30400,0,0,172,1570827393,1,160,20189000
1723926209836000,19536,30560,0,0,172,1570827393,1,160,20131000
1723926229947000,19537,30720,0,0,172,1570827393,1,160,20111000
1723926249301000,19538,30880,0,0,172,1570827393,1,160,19354000
1723926269130000,19539,31040,0,0,172,1570827393,1,160,19829000
1723926290301000,19540,31200,0,0,172,1570827393,1,160,21171000
1723926309439000,19541,31360,0,0,172,1570827393,1,160,19138000
1723926329553000,19542,31520,0,0,172,1570827393,1,160,20114000
1723926348789000,19543,31680,0,0,172,1570827393,1,160,19236000
1723926369929000,19544,31840,0,0,172,1570827393,1,160,21140000
1723926390106000,19545,32000,0,0,172,1570827393,1,160,20177000
1723926410245000,19546,32160,0,0,172,1570827393,1,160,20139000
1723926429359000,19547,32320,0,0,172,1570827393,1,160,19114000
1723926449527000,19548,32480,0,0,172,1570827393,1,160,20168000
1723926469738000,19549,32640,0,0,172,1570827393,1,160,20211000
1723926489944000,19550,32800,0,0,172,1570827393,1,160,20206000
1723926509533000,19551,32960,0,0,172,1570827393,1,160,19589000
1723926529647000,19552,33120,0,0,172,1570827393,1,160,20114000
1723926549018000,19553,33280,0,0,172,1570827393,1,160,19371000
1723926570188000,19554,33440,0,0,172,1570827393,1,160,21170000
1723926589382000,19555,33600,0,0,172,1570827393,1,160,19194000
1723926609509000,19556,33760,0,0,172,1570827393,1,160,20127000
1723926629615000,19557,33920,0,0,172,1570827393,1,160,20106000
1723926649723000,19558,34080,0,0,172,1570827393,1,160,20108000
1723926669907000,19559,34240,0,0,172,1570827393,1,160,20184000
1723926690112000,19560,34400,0,0,172,1570827393,1,160,20205000
1723926710233000,19561,34560,0,0,172,1570827393,1,160,20121000
1723926729398000,19562,34720,0,0,172,1570827393,1,160,19165000
1723926749507000,19563,34880,0,0,172,1570827393,1,160,20109000
1723926769623000,19564,35040,0,0,172,1570827393,1,160,20116000
1723926789797000,19565,35200,0,0,172,1570827393,1,160,20174000
1723926809928000,19566,35360,0,0,172,1570827393,1,160,20131000
1723926830038000,19567,35520,0,0,172,1570827393,1,160,20110000
1723926849685000,19568,35680,0,0,172,1570827393,1,160,19647000
1723926869861000,19569,35840,0,0,172,1570827393,1,160,20176000
1723926890053000,19570,36000,0,0,172,1570827393,1,160,20192000
1723926909908000,19571,36160,0,0,172,1570827393,1,160,19855000
1723926930025000,19572,36320,0,0,172,1570827393,1,160,20117000
1723926950140000,19573,36480,0,0,172,1570827393,1,160,20115000
1723926970405000,19574,36640,0,0,172,1570827393,1,160,20265000
1723926989577000,19575,36800,0,0,172,1570827393,1,160,19172000
1723927009695000,19576,36960,0,0,172,1570827393,1,160,20118000
1723927029799000,19577,37120,0,0,172,1570827393,1,160,20104000
1723927049921000,19578,37280,0,0,172,1570827393,1,160,20122000
1723927070106000,19579,37440,0,0,172,1570827393,1,160,20185000
1723927090310000,19580,37600,0,0,172,1570827393,1,160,20204000
1723927109439000,19581,37760,0,0,172,1570827393,1,160,19129000
1723927129213000,19582,37920,0,0,172,1570827393,1,160,19774000
1723927149380000,19583,38080,0,0,172,1570827393,1,160,20167000
1723927169585000,19584,38240,0,0,172,1570827393,1,160,20205000
1723927189785000,19585,38400,0,0,172,1570827393,1,160,20200000
1723927209949000,19586,38560,0,0,172,1570827393,1,160,20164000
1723927230063000,19587,38720,0,0,172,1570827393,1,160,20114000
1723927249621000,19588,38880,0,0,172,1570827393,1,160,19558000
1723927269781000,19589,39040,0,0,172,1570827393,1,160,20160000
1723927289975000,19590,39200,0,0,172,1570827393,1,160,20194000
1723927310113000,19591,39360,0,0,172,1570827393,1,160,20138000
1723927330227000,19592,39520,0,0,172,1570827393,1,160,20114000
1723927348878000,19593,39680,0,0,172,1570827393,1,160,18651000
1723927370050000,19594,39840,0,0,172,1570827393,1,160,21172000
1723927390240000,19595,40000,0,0,172,1570827393,1,160,20190000
1723927408384000,19596,40160,0,0,172,1570827393,1,160,18144000
1723927429463000,19597,40320,0,0,172,1570827393,1,160,21079000
1723927449519000,19598,40480,0,0,172,1570827393,1,160,20056000
1723927469570000,19599,40640,0,0,172,1570827393,1,160,20051000
1723927489613000,19600,40800,0,0,172,1570827393,1,160,20043000
1723927509641000,19601,40960,0,0,172,1570827393,1,160,20028000
1723927529709000,19602,41120,0,0,172,1570827393,1,160,20068000
1723927549609000,19603,41280,0,0,172,1570827393,1,160,19900000
1723927569761000,19604,41440,0,0,172,1570827393,1,160,20152000
1723927589936000,19605,41600,0,0,172,1570827393,1,160,20175000
1723927610136000,19606,41760,0,0,172,1570827393,1,160,20200000
1723927630212000,19607,41920,0,0,172,1570827393,1,160,20076000
1723927649320000,19608,42080,0,0,172,1570827393,1,160,19108000
1723927668517000,19609,42240,0,0,172,1570827393,1,160,19197000
1723927689742000,19610,42400,0,0,172,1570827393,1,160,21225000
1723927709872000,19611,42560,0,0,172,1570827393,1,160,20130000
1723927729982000,19612,42720,0,0,172,1570827393,1,160,20110000
1723927749686000,19613,42880,0,0,172,1570827393,1,160,19704000
1723927769828000,19614,43040,0,0,172,1570827393,1,160,20142000
1723927789821000,19615,43200,0,0,172,1570827393,1,160,19993000
1723927809926000,19616,43360,0,0,172,1570827393,1,160,20105000
1723927830019000,19617,43520,0,0,172,1570827393,1,160,20093000
1723927850123000,19618,43680,0,0,172,1570827393,1,160,20104000
1723927870278000,19619,43840,0,0,172,1570827393,1,160,20155000
1723927889443000,19620,44000,0,0,172,1570827393,1,160,19165000
1723927909556000,19621,44160,0,0,172,1570827393,1,160,20113000
1723927929367000,19622,44320,0,0,172,1570827393,1,160,19811000
1723927949099000,19623,44480,0,0,172,1570827393,1,160,19732000
1723927970260000,19624,44640,0,0,172,1570827393,1,160,21161000
1723927988413000,19625,44800,0,0,172,1570827393,1,160,18153000
1723928009509000,19626,44960,0,0,172,1570827393,1,160,21096000
1723928029608000,19627,45120,0,0,172,1570827393,1,160,20099000
1723928049492000,19628,45280,0,0,172,1570827393,1,160,19884000
1723928069959000,19629,45440,0,0,172,1570827393,1,160,20467000
1723928090134000,19630,45600,0,0,172,1570827393,1,160,20175000
1723928108368000,19631,45760,0,0,172,1570827393,1,160,18234000
1723928128506000,19632,45920,0,0,172,1570827393,1,160,20138000
1723928149666000,19633,46080,0,0,172,1570827393,1,160,21160000
1723928169809000,19634,46240,0,0,172,1570827393,1,160,20143000
1723928189987000,19635,46400,0,0,172,1570827393,1,160,20178000
1723928210106000,19636,46560,0,0,172,1570827393,1,160,20119000
1723928230213000,19637,46720,0,0,172,1570827393,1,160,20107000
1723928248651000,19638,46880,0,0,172,1570827393,1,160,18438000
1723928269809000,19639,47040,0,0,172,1570827393,1,160,21158000
1723928289989000,19640,47200,0,0,172,1570827393,1,160,20180000
1723928309621000,19641,47360,0,0,172,1570827393,1,160,19632000
1723928329377000,19642,47520,0,0,172,1570827393,1,160,19756000
1723928349522000,19643,47680,0,0,172,1570827393,1,160,20145000
1723928368868000,19644,47840,0,0,172,1570827393,1,160,19346000
1723928390062000,19645,48000,0,0,172,1570827393,1,160,21194000
1723928410170000,19646,48160,0,0,172,1570827393,1,160,20108000
1723928429262000,19647,48320,0,0,172,1570827393,1,160,19092000
1723928449397000,19648,48480,0,0,172,1570827393,1,160,20135000
1723928469512000,19649,48640,0,0,172,1570827393,1,160,20115000
1723928489651000,19650,48800,0,0,172,1570827393,1,160,20139000
1723928509761000,19651,48960,0,0,172,1570827393,1,160,20110000
1723928529860000,19652,49120,0,0,172,1570827393,1,160,20099000
1723928549961000,19653,49280,0,0,172,1570827393,1,160,20101000
1723928570099000,19654,49440,0,0,172,1570827393,1,160,20138000
1723928589266000,19655,49600,0,0,172,1570827393,1,160,19167000
1723928609422000,19656,49760,0,0,172,1570827393,1,160,20156000
1723928629571000,19657,49920,0,0,172,1570827393,1,160,20149000
1723928649701000,19658,50080,0,0,172,1570827393,1,160,20130000
