# name	commit that removed it (behaviour now fixed at the old default)
ME_V34_DATA_EQ_GATE	2fc3706c
ME_V34_DATA_FREQ_GAIN	2fc3706c
ME_V34_EQ_ADAPT_SPAN	2fc3706c
ME_V34_EQ_LEAK	2fc3706c
ME_V34_EYE_MARGIN	2fc3706c
ME_V34_EYE_MAX_FLIPS	2fc3706c
ME_V34_EYE_MIN_MAG	2fc3706c
ME_V34_EYE_VOTES	2fc3706c
ME_V34_EYE_WINDOW	2fc3706c
ME_V34_FREEZE_TIMING_DURING_MP	2fc3706c
ME_V34_P4_EYE_FLIP_CMA	2fc3706c
ME_V34_P4_TRN_DD	2fc3706c
ME_V34_PHASE4_CMA	2fc3706c
ME_V34_PHASE4_CMA_BAUDS	2fc3706c
ME_V34_PHASE4_CMA_MAX_BAUDS	2fc3706c
ME_V34_PHASE4_CMA_MU	2fc3706c
ME_V34_PHASE4_CMA_TOL	2fc3706c
ME_V34_PHASE4_DA_TRACK	2fc3706c
ME_V34_PHASE4_TIMING_NUDGE	2fc3706c
ME_V34_SLOW_CMA_DURING_MP	2fc3706c
ME_V34_TRACK_PHASE3	2fc3706c
ME_V90_CP_ADAPT_MU	2fc3706c
ME_V90_CP_RESET_EQ	2fc3706c
ME_V90_RENEG_CP_DA	2fc3706c
ME_V90_RENEG_CP_REACQUIRE_BLOCKS	2fc3706c
ME_V90_T3_ADMIT_T2	2fc3706c
ME_V90_TIMING_FREQ_KEEP	2fc3706c
ME_V90_UPSTREAM_CMA_MU	2fc3706c
ME_V90_UPSTREAM_GAIN_SWEEP	2fc3706c
ME_V90_UPSTREAM_TIMING_BETA	2fc3706c
ME_V90_UPSTREAM_TIMING_MU	2fc3706c
V34_PHASE4_DD_TRN	2fc3706c
V34_TONE_A_CARRIER_DIVISOR	2fc3706c
V34_TONE_A_MIN_POWER	2fc3706c
ME_V90A_NO_NLWARP	a46f4ab3
ME_V90_DIL_EARLY_SYMBOLS	a46f4ab3
ME_V90_DIL_VARIANT	a46f4ab3
ME_V90_JD_AUTOTERMINATE_SYMBOLS	a46f4ab3
ME_V90_JD_PRIME_SYMBOLS	a46f4ab3
ME_V90_J_LOOKAHEAD_BITS	a46f4ab3
ME_V90_MIN_JD_SYMBOLS	a46f4ab3
ME_V90_TRN2D_CODEC_LEVEL	a46f4ab3
ME_V90_WAIT_JA_RESYNC_SAMPLES	a46f4ab3
ME_V92_K3_HALF_MODULI	a46f4ab3
ME_V92_UPSTREAM_DESIGN	a46f4ab3
ME_V92_UPSTREAM_MARGIN	a46f4ab3
P3_DD_EQUALIZER	a46f4ab3
P3_EQ_DELTA_SCALE	a46f4ab3
P3_INSTANT_RRC_AGC	a46f4ab3
V92_DATA_DFI	a46f4ab3
V92_DATA_UCODES	a46f4ab3
ME_RX_ACCOUNTING	834db955
ME_V34_B1_RENEG	834db955
ME_V34_B1_RENEG_DELAY_MS	834db955
ME_V34_INVERT_ROLE	834db955
ME_V34_TRAINING_FAIL_RETRAINS	834db955
ME_V34_TX_FOLLOWS_RX	834db955
ME_V42_REQUIRE_V8	834db955
ME_V8BIS_LEVEL_DBM0	834db955
ME_V8BIS_MAX_MS	834db955
ME_V8BIS_RETRIES	834db955
ME_V8BIS_WINDOW_MS	834db955
ME_V90_DATA_BIT_ORDER	834db955
ME_V90_DIL_HYP_RETRY_BITS	834db955
ME_V90_FALLBACK_S_TIMEOUT_MS	834db955
ME_V90_INFO0A_PREROLL	834db955
ME_V90_LINE_EC	834db955
ME_V90_MAX_RENEG	834db955
ME_V90_MP_UNCAPPED	834db955
ME_V90_P3_CONFIRM	834db955
ME_V90_P3_CONFIRM_J	834db955
ME_V90_S_ECHO_GATE_PCT	834db955
ME_V90_S_MIN_RX_RMS	834db955
ME_V90_S_MIN_RX_TX_RATIO	834db955
ME_V92_P4_EQ	834db955
ME_V34_HDX_E_WAIT_MS	23a6cbb8
ME_V34_L2_CYCLES	23a6cbb8
ME_V34_L2_CYCLES_ANSWER	23a6cbb8
ME_V34_MP_FRESH_ACK	23a6cbb8
ME_V34_MP_PRIME_MAX	23a6cbb8
ME_V34_PHASE4_TRN_MAX	23a6cbb8
ME_V34_RESUME_DELAY_MS	23a6cbb8
ME_V34_RETAIN_PHASE3_FRONTEND	23a6cbb8
ME_V34_TX_NO_3200_HIGH	23a6cbb8
ME_V42_N400	23a6cbb8
V32BIS_ECHO_MU_FAST	23a6cbb8
V32BIS_TRN_EC	23a6cbb8
V8_ANSAM_START_DELAY_MS	23a6cbb8
ME_V34_ANSWER_P3_ECHO_GUARD	95a7a70f
ME_V34_B1_BATCH_EQ	95a7a70f
ME_V34_B1_FALLBACK	95a7a70f
ME_V34_B1_RATE_CHECK	95a7a70f
ME_V34_B1_SEARCH	95a7a70f
ME_V34_DATA_CENTROID_STEER	95a7a70f
ME_V34_DATA_EQ	95a7a70f
ME_V34_DATA_EQ_STEP	95a7a70f
ME_V34_DATA_MM_GAIN	95a7a70f
ME_V34_DATA_MM_TIMING	95a7a70f
ME_V34_EYE_PP_DEFER	95a7a70f
ME_V34_EYE_PP_GUARD	95a7a70f
ME_V34_EYE_SELECT	95a7a70f
ME_V34_INFO0_RETRY	95a7a70f
ME_V34_INFO1C_ALL_RATES	95a7a70f
ME_V34_J_HINT	95a7a70f
ME_V34_LINE_EC	95a7a70f
ME_V34_LINE_EC_ANSWER	95a7a70f
ME_V34_P3_ECHO_FREEZE	95a7a70f
ME_V34_P3_S_SPECTRAL_ANSWER	95a7a70f
ME_V34_P4_S_SPECTRAL	95a7a70f
ME_V34_PHASE3_CMA	95a7a70f
ME_V34_POST_L2_TONE_A_WAIT_MS	95a7a70f
ME_V34_PP_ONSET_TRIM	95a7a70f
ME_V34_RENEG_ANSWER	95a7a70f
ME_V34_RENEG_TIMEOUT_MS	95a7a70f
ME_V34_RENEG_TRN_BAUDS	95a7a70f
ME_V34_RTD_MS	95a7a70f
ME_V34_RX_RATE_BACKOFF	95a7a70f
ME_V34_RX_RATE_BACKOFF_STEP	95a7a70f
ME_V34_SECOND_B_WAIT_REVERSAL	95a7a70f
ME_V34_TRN_DIBIT_SPREAD	95a7a70f
ME_V34_TRN_HINT	95a7a70f
ME_V34_TRN_RATE	95a7a70f
ME_V34_TRN_RTD_MS	95a7a70f
V34_J_WAIT_MAX_MS	95a7a70f
V34_PHASE3_S_SPECTRAL	95a7a70f
ME_V90_CP_ADAPT_STARTUP	8e3eec11
ME_V90_CP_ECHO	8e3eec11
ME_V90_CP_EYE_ANGLE	8e3eec11
ME_V90_CP_PAD_REPAIR	8e3eec11
ME_V90_CP_POWER_MARGIN_DB	8e3eec11
ME_V90_CP_STREAM_STARTUP	8e3eec11
ME_V90_JA_EARLY_TRACK	8e3eec11
ME_V90_JA_HEURISTICS	8e3eec11
ME_V90_JD_RTD_SYMBOLS	8e3eec11
ME_V90_JD_SHAPING_LOOKAHEAD	8e3eec11
ME_V90_JD_S_WATCH	8e3eec11
ME_V90_P3_EYE_AFTER_PP	8e3eec11
ME_V90_P3_JA_SCAN	8e3eec11
ME_V90_PHASE_EYE_GATE	8e3eec11
ME_V90_RENEG_CP_ADAPT	8e3eec11
ME_V90_RENEG_CP_REACQUIRE	8e3eec11
ME_V90_RENEG_CP_STREAM	8e3eec11
ME_V90_RENEG_TRN2D_SYMBOLS	8e3eec11
ME_V90_SD_DELAY_MS	8e3eec11
ME_V90_SD_DELAY_RETRAIN_MS	8e3eec11
ME_V90_SHAPER_LD	8e3eec11
ME_V90_SHAPER_METRIC	8e3eec11
ME_V90_S_TONE_A_MAX_FRACTION	8e3eec11
ME_V90_TRN1D_SHAPE	8e3eec11
ME_V90_UPSTREAM_B1_FREQ	8e3eec11
ME_V90_UPSTREAM_BIT_ORDER	8e3eec11
ME_V90_UPSTREAM_CARRIER	8e3eec11
ME_V90_UPSTREAM_CMA	8e3eec11
ME_V90_UPSTREAM_DD_GATE	8e3eec11
ME_V90_UPSTREAM_DD_MU	8e3eec11
ME_V90_UPSTREAM_EQ_RESTORE	8e3eec11
ME_V90_UPSTREAM_NDA	8e3eec11
ME_V90_UPSTREAM_SLIP_MULT	8e3eec11
ME_V90_UPSTREAM_TIMING	8e3eec11
ME_V90_UPSTREAM_TIMING_DET	8e3eec11
ME_V90_WAIT_JA_FALLBACK_MS	8e3eec11
ME_V92_P3_EQ	8e3eec11
V92_TRN2U_LU	8e3eec11
V32BIS_B1_SYMBOLS	V.32bis/V.8 doc-only batch (2026-10-10)
V32BIS_DATA_EQ	V.32bis/V.8 doc-only batch (2026-10-10)
V32BIS_ECHO_CAN	V.32bis/V.8 doc-only batch (2026-10-10)
V32BIS_ECHO_MU	V.32bis/V.8 doc-only batch (2026-10-10)
V32BIS_EC_TRAIN	V.32bis/V.8 doc-only batch (2026-10-10)
V32BIS_EQ_FAST	V.32bis/V.8 doc-only batch (2026-10-10)
V32BIS_EQ_SLOW	V.32bis/V.8 doc-only batch (2026-10-10)
V32BIS_NLMS	V.32bis/V.8 doc-only batch (2026-10-10)
V32BIS_TRN_FAST	V.32bis/V.8 doc-only batch (2026-10-10)
ME_V8_CM_RESTART_MS	V.32bis/V.8 doc-only batch (2026-10-10)
